{"cameraMode":{"drawMode":0,"name":"Shaded","section":"Shading Mode"},"sceneLighting":true,"audioPlay":false,"sceneViewState":{"m_AlwaysRefresh":false,"showFog":true,"showSkybox":true,"showFlares":true,"showImageEffects":true,"showParticleSystems":true,"showVisualEffectGraphs":true,"m_FxEnabled":true},"in2DMode":false,"pivot":{"x":34.628990173339847,"y":181.8922576904297,"z":-139.27194213867188},"rotation":{"x":0.39103299379348757,"y":0.04719805344939232,"z":-0.020076271146535875,"w":0.9189565777778626},"size":0.6623438000679016,"orthographic":false}